MARKER NAME,MARKER DESCRIPTION,HYPERLINK,GEOMETRY
"Chellis ""Mike"" Chambers","Historical Marker erected by Pi Kappa Alpha

<br/><br/>Source: HMdb.org. For text, photographs and other information, use <a href=""https://www.hmdb.org/marker.asp?marker=93974"">this link</a>",,POINT (-91.185063933236 30.413281476997)
Battle Of Baton Rouge (1779),"Historical Marker erected 1940 by Baton Rouge Chapter of the Daughters of the American Revolution

<br/><br/>Source: HMdb.org. For text, photographs and other information, use <a href=""https://www.h*",,POINT (-91.184925936123 30.458347486547)
Southern University,"Historical Marker

<br/><br/>Source: HMdb.org. For text, photographs and other information, use <a href=""https://www.hmdb.org/marker.asp?marker=87221"">this link</a>",,POINT (-91.179393937417 30.520708500366)
Pioneer Cabin,"Historical Marker No. 29 erected by LSU Rural Life Museum.

<br/><br/>Source: HMdb.org. For text, photographs and other information, use <a href=""https://www.hmdb.org/marker.asp?marker=114085"">this *",,POINT (-91.114942024441 30.411255478737)
BREC's Bluebonnet Swamp Nature Center,"Historical Marker erected 2000 by Isaac Monet Chapter National Society of Colonial Dames XVII Century

<br/><br/>Source: HMdb.org. For text, photographs and other information, use <a href=""https://w*",,POINT (-91.104910910372 30.369700469899)
Spanish Town,"Historical Marker

<br/><br/>Source: HMdb.org. For text, photographs and other information, use <a href=""https://www.hmdb.org/marker.asp?marker=97968"">this link</a>",,POINT (-91.184769935721 30.452842485105)
Steve Van Buren,"Historical Marker erected by Pro Football Hall Of Fame Class of 1965

<br/><br/>Source: HMdb.org. For text, photographs and other information, use <a href=""https://www.hmdb.org/marker.asp?marker=959*",,POINT (-91.183455933496 30.413288806535)
Bluebonnet Swamp,"Historical Marker erected by State of Louisiana and National Park Service.

<br/><br/>Source: HMdb.org. For text, photographs and other information, use <a href=""https://www.hmdb.org/marker.asp?mark*",,POINT (-91.104716610426 30.36941677991)
1993 National Champions,"Historical Marker erected by Tiger Athletic Foundation

<br/><br/>Source: HMdb.org. For text, photographs and other information, use <a href=""https://www.hmdb.org/marker.asp?marker=97730"">this link<*",,POINT (-91.188133934554 30.405417474777)
The Louisiana State University,"Historical Marker erected 1990 by Foundation for Historical Louisiana

<br/><br/>Source: HMdb.org. For text, photographs and other information, use <a href=""https://www.hmdb.org/marker.asp?marker=89*",,POINT (-91.178808932528 30.41449547756)
Chad Lavalais,"Historical Marker erected by Huey Taylor and the Kinchen Family

<br/><br/>Source: HMdb.org. For text, photographs and other information, use <a href=""https://www.hmdb.org/marker.asp?marker=106262"">*",,POINT (-91.184819463954 30.411195646176)
Marcus Spears,"Historical Marker erected by Mr & Mrs Owen R. Seiler '79 & Family

<br/><br/>Source: HMdb.org. For text, photographs and other information, use <a href=""https://www.hmdb.org/marker.asp?marker=106438*",,POINT (-91.184802023561 30.411190736362)
Distinguished Cadets,"Historical Marker

<br/><br/>Source: HMdb.org. For text, photographs and other information, use <a href=""https://www.hmdb.org/marker.asp?marker=104675"">this link</a>",,POINT (-91.181982933166 30.410032476057)
Bayou Manchac,"Historical Marker erected 1979 by Department of Culture, Recreation and Tourism

<br/><br/>Source: HMdb.org. For text, photographs and other information, use <a href=""https://www.hmdb.org/marker.asp*",,POINT (-90.993328878517 30.343192468815)
Old State Capitol,"Historical Marker erected by City of Baton Rouge

<br/><br/>Source: HMdb.org. For text, photographs and other information, use <a href=""https://www.hmdb.org/marker.asp?marker=87892"">this link</a>",,POINT (-91.189055935872 30.447002483506)
"USS KIDD - ""DD 661""","Historical Marker erected by USS KIDD Veterans Memorial & Museum

<br/><br/>Source: HMdb.org. For text, photographs and other information, use <a href=""https://www.hmdb.org/marker.asp?marker=85886"">*",,POINT (-91.191282606278 30.443737153012)
School For The Deaf,"Historical Marker erected by City Of Baton Rouge

<br/><br/>Source: HMdb.org. For text, photographs and other information, use <a href=""https://www.hmdb.org/marker.asp?marker=96680"">this link</a>",,POINT (-91.185268935372 30.440798482517)
2003 National Champions,"Historical Marker erected by The Pascal Mark Culotta Family

<br/><br/>Source: HMdb.org. For text, photographs and other information, use <a href=""https://www.hmdb.org/marker.asp?marker=98403"">this *",,POINT (-91.185097933801 30.411605476125)
Y.A. Title,"Historical Marker erected by Pro Football Hall of Fame Class of 1971

<br/><br/>Source: HMdb.org. For text, photographs and other information, use <a href=""https://www.hmdb.org/marker.asp?marker=959*",,POINT (-91.183459932932 30.413281477094)
Louisiana State University & Surrounding Area,"Historical Marker

<br/><br/>Source: HMdb.org. For text, photographs and other information, use <a href=""https://www.hmdb.org/marker.asp?marker=120266"">this link</a>",,POINT (-91.171929630151 30.407696435901)
1958 National Champions,"Historical Marker erected by Degueyters & That's the Bottom Line

<br/><br/>Source: HMdb.org. For text, photographs and other information, use <a href=""https://www.hmdb.org/marker.asp?marker=98288"">*",,POINT (-91.185085933159 30.411585476903)
Land Grant College / Sea Grant College,"Historical Marker erected 1978 by National Oceanic and Atmospheric Administration

<br/><br/>Source: HMdb.org. For text, photographs and other information, use <a href=""https://www.hmdb.org/marker.a*",,POINT (-91.178389931549 30.414561477346)
Fort Sumter Saloon,"Historical Marker erected by City of Baton Rouge

<br/><br/>Source: HMdb.org. For text, photographs and other information, use <a href=""https://www.hmdb.org/marker.asp?marker=88273"">this link</a>",,POINT (-91.188357935889 30.450508484465)
Original Site of the First Methodist Church of Baton Rouge,"Historical Marker erected by City of Baton Rouge

<br/><br/>Source: HMdb.org. For text, photographs and other information, use <a href=""https://www.hmdb.org/marker.asp?marker=88303"">this link</a>",,POINT (-91.187002935943 30.450550485049)
Single Pen Slave Cabin,"Historical Marker No. 43 erected by LSU Rural Life Museum

<br/><br/>Source: HMdb.org. For text, photographs and other information, use <a href=""https://www.hmdb.org/marker.asp?marker=112055"">this l*",,POINT (-91.114868774505 30.410539748299)
Flag of the State of Louisiana,"Historical Marker

<br/><br/>Source: HMdb.org. For text, photographs and other information, use <a href=""https://www.hmdb.org/marker.asp?marker=91068"">this link</a>",,POINT (-91.188592936459 30.445496483819)
Mississippi River,"Historical Marker erected by State of Louisiana and National Park Service.

<br/><br/>Source: HMdb.org. For text, photographs and other information, use <a href=""https://www.hmdb.org/marker.asp?mark*",,POINT (-91.197247612035 30.521333279809)
Potts House,"Historical Marker erected by City of Baton Rouge

<br/><br/>Source: HMdb.org. For text, photographs and other information, use <a href=""https://www.hmdb.org/marker.asp?marker=87278"">this link</a>",,POINT (-91.181366934633 30.45275848555)
Will Blackwell,"Historical Marker erected by Gaspard Consultant, Inc.

<br/><br/>Source: HMdb.org. For text, photographs and other information, use <a href=""https://www.hmdb.org/marker.asp?marker=107665"">this link<*",,POINT (-91.184796663417 30.411167836239)
The Mississippi River,"Historical Marker No. 3

<br/><br/>Source: HMdb.org. For text, photographs and other information, use <a href=""https://www.hmdb.org/marker.asp?marker=88295"">this link</a>",,POINT (-91.189958936561 30.454806485604)
Old State Capitol,"Historical Marker erected by Downtown Development District

<br/><br/>Source: HMdb.org. For text, photographs and other information, use <a href=""https://www.hmdb.org/marker.asp?marker=117121"">this *",,POINT (-91.189198546786 30.447043403962)
Troy H. Middleton,"Historical Marker

<br/><br/>Source: HMdb.org. For text, photographs and other information, use <a href=""https://www.hmdb.org/marker.asp?marker=85651"">this link</a>",,POINT (-91.179848932563 30.414176477661)
Old Arsenal,"Historical Marker No. 7

<br/><br/>Source: HMdb.org. For text, photographs and other information, use <a href=""https://www.hmdb.org/marker.asp?marker=113861"">this link</a>",,POINT (-91.185028935265 30.457280486317)
Cemetery,"Historical Marker No. 26 erected by LSU Rural Life Museum.

<br/><br/>Source: HMdb.org. For text, photographs and other information, use <a href=""https://www.hmdb.org/marker.asp?marker=114086"">this *",,POINT (-91.114416594125 30.411146009013)
Overseer's House,"Historical Marker No. 16 erected by LSU Rural Life Museum

<br/><br/>Source: HMdb.org. For text, photographs and other information, use <a href=""https://www.hmdb.org/marker.asp?marker=112647"">this l*",,POINT (-91.115531274393 30.410529928824)
Battle of Baton Rouge,"Historical Marker erected 1909 by The Louisiana Society of the Daughters of the Revolution

<br/><br/>Source: HMdb.org. For text, photographs and other information, use <a href=""https://www.hmdb.org*",,POINT (-91.188806375855 30.446749243659)
Flag of England,"Historical Marker

<br/><br/>Source: HMdb.org. For text, photographs and other information, use <a href=""https://www.hmdb.org/marker.asp?marker=91063"">this link</a>",,POINT (-91.188604936474 30.445629483323)
Capitol Building,"Historical Marker No. 5

<br/><br/>Source: HMdb.org. For text, photographs and other information, use <a href=""https://www.hmdb.org/marker.asp?marker=88738"">this link</a>",,POINT (-91.187910936195 30.456699486208)
Billy Cannon,"Historical Marker erected by Terren, Maria, Graham, Reece, Will Klein

<br/><br/>Source: HMdb.org. For text, photographs and other information, use <a href=""https://www.hmdb.org/marker.asp?marker=10*",,POINT (-91.18524293407 30.41211747625)
William Bartram Trail,"Historical Marker erected by John James Audubon Foundation by Mrs. C.B. Hamilton Baton Rouge Garden Club Inc, LA Garden Club Foundation, Deep South Region, National Council of State Garden Clubs Inc",,POINT (-91.106496253837 30.443653256203)
The Old Governor's Mansion,"Historical Marker

<br/><br/>Source: HMdb.org. For text, photographs and other information, use <a href=""https://www.hmdb.org/marker.asp?marker=98053"">this link</a>",,POINT (-91.188087936923 30.459694486312)
Historic City Park Golf Course,"Historical Marker erected by National Register of Historic Places

<br/><br/>Source: HMdb.org. For text, photographs and other information, use <a href=""https://www.hmdb.org/marker.asp?marker=107398*",,POINT (-91.166627929664 30.433397482149)
La Maison Franraise & The Honors House,"Historical Marker erected by Louisiana State University

<br/><br/>Source: HMdb.org. For text, photographs and other information, use <a href=""https://www.hmdb.org/marker.asp?marker=111580"">this lin*",,POINT (-91.175982920801 30.411475346475)
Cane Grinder,"Historical Marker erected by LSU Rural Life Museum

<br/><br/>Source: HMdb.org. For text, photographs and other information, use <a href=""https://www.hmdb.org/marker.asp?marker=112057"">this link</a>",,POINT (-91.114705154125 30.410786728793)
Todd Walker,"Historical Marker

<br/><br/>Source: HMdb.org. For text, photographs and other information, use <a href=""https://www.hmdb.org/marker.asp?marker=97872"">this link</a>",,POINT (-91.188222934221 30.405427474739)
LSU Campus Mounds,"Historical Marker erected by Louisiana State University

<br/><br/>Source: HMdb.org. For text, photographs and other information, use <a href=""https://www.hmdb.org/marker.asp?marker=87223"">this link*",,POINT (-91.182205933367 30.415138477314)
Fort San Carlos,"Historical Marker erected by City of Baton Rouge

<br/><br/>Source: HMdb.org. For text, photographs and other information, use <a href=""https://www.hmdb.org/marker.asp?marker=87822"">this link</a>",,POINT (-91.18955093694 30.454586485247)
Old State Capitol,"Historical Marker erected 1992 by Isaac Monet Chapter National Society Colonial Dames

<br/><br/>Source: HMdb.org. For text, photographs and other information, use <a href=""https://www.hmdb.org/mark*",,POINT (-91.188763955837 30.446649923475)
1958 SEC Champions,"Historical Marker erected by H.H. & Norma - Wilson & Dorman & Delores - Whatley

<br/><br/>Source: HMdb.org. For text, photographs and other information, use <a href=""https://www.hmdb.org/marker.asp*",,POINT (-91.18542393415 30.411531476701)
Kevin Faulk,"Historical Marker erected by William B. Potter Family

<br/><br/>Source: HMdb.org. For text, photographs and other information, use <a href=""https://www.hmdb.org/marker.asp?marker=106038"">this link<*",,POINT (-91.185211063569 30.412062546679)
John Garlington,"Historical Marker erected by Dr & Mrs. Charles Leblanc and Family

<br/><br/>Source: HMdb.org. For text, photographs and other information, use <a href=""https://www.hmdb.org/marker.asp?marker=104428*",,POINT (-91.185226934183 30.412091476384)
In Memory of the LSU Students,"Historical Marker erected 1966 by Capt. Frank S. Hagan Squadron Arnold Air Society Louisiana State University

<br/><br/>Source: HMdb.org. For text, photographs and other information, use <a href=""h*",,POINT (-91.182717932715 30.41070647652)
Claude Wroten,"Historical Marker erected by The memory of A.E. Kitto #85 1949-50

<br/><br/>Source: HMdb.org. For text, photographs and other information, use <a href=""https://www.hmdb.org/marker.asp?marker=106653*",,POINT (-91.184802023306 30.411182556224)
Doug Moreau,"Historical Marker erected by The Bill Logan Family

<br/><br/>Source: HMdb.org. For text, photographs and other information, use <a href=""https://www.hmdb.org/marker.asp?marker=104401"">this link</a>",,POINT (-91.185238933341 30.412096476569)
Brad Wing,"Historical Marker erected by Gina E. Goings

<br/><br/>Source: HMdb.org. For text, photographs and other information, use <a href=""https://www.hmdb.org/marker.asp?marker=107749"">this link</a>",,POINT (-91.184796663831 30.411161296099)
Greenwell Springs,"Historical Marker

<br/><br/>Source: HMdb.org. For text, photographs and other information, use <a href=""https://www.hmdb.org/marker.asp?marker=85681"">this link</a>",,POINT (-90.99403921975 30.576205518415)
Ben Wilkerson,"Historical Marker erected by The Dickinson Family JT & 3C's

<br/><br/>Source: HMdb.org. For text, photographs and other information, use <a href=""https://www.hmdb.org/marker.asp?marker=106611"">this*",,POINT (-91.184808733094 30.411197276824)
George Tarasovic,"Historical Marker erected by Emerald -Lee, Hebert, Afeman Families

<br/><br/>Source: HMdb.org. For text, photographs and other information, use <a href=""https://www.hmdb.org/marker.asp?marker=10017*",,POINT (-91.185239934106 30.412104476506)
Battle of the Plains Store,"Historical Marker erected by City of Baton Rouge

<br/><br/>Source: HMdb.org. For text, photographs and other information, use <a href=""https://www.hmdb.org/marker.asp?marker=93475"">this link</a>",,POINT (-91.205698952036 30.690687534843)
John Archer Lejeune,"Historical Marker No. 2/6 erected 2001 by Patrick F. Taylor

<br/><br/>Source: HMdb.org. For text, photographs and other information, use <a href=""https://www.hmdb.org/marker.asp?marker=88608"">this *",,POINT (-91.190278935995 30.443694483461)
Dog-Trot House,"Historical Marker

<br/><br/>Source: HMdb.org. For text, photographs and other information, use <a href=""https://www.hmdb.org/marker.asp?marker=92485"">this link</a>",,POINT (-91.114928914952 30.411359478793)
Tyrann Mathieu,"Historical Marker erected by Kristof and Eric Harris Families

<br/><br/>Source: HMdb.org. For text, photographs and other information, use <a href=""https://www.hmdb.org/marker.asp?marker=107720"">th*",,POINT (-91.184792643946 30.411162936089)
Herman Johnson,"Historical Marker erected by Dr. & Mrs. Clint Cormier and Family

<br/><br/>Source: HMdb.org. For text, photographs and other information, use <a href=""https://www.hmdb.org/marker.asp?marker=107552""*",,POINT (-91.184812753592 30.411169476271)
Louisiana's Old State Capitol,"Historical Marker

<br/><br/>Source: HMdb.org. For text, photographs and other information, use <a href=""https://www.hmdb.org/marker.asp?marker=96602"">this link</a>",,POINT (-91.189452936908 30.447252484311)
Blackwater Conservation Area,"Historical Marker

<br/><br/>Source: HMdb.org. For text, photographs and other information, use <a href=""https://www.hmdb.org/marker.asp?marker=111771"">this link</a>",,POINT (-91.087333212514 30.53466069638)
Ron Estay,"Historical Marker erected by The Gisclairs-Bob-Ondria-Janee-Ryan

<br/><br/>Source: HMdb.org. For text, photographs and other information, use <a href=""https://www.hmdb.org/marker.asp?marker=105028""*",,POINT (-91.185227163568 30.412072356883)
Original Site/Donors of Land,"Historical Marker erected by Episcopal High School, Diocese of Louisiana

<br/><br/>Source: HMdb.org. For text, photographs and other information, use <a href=""https://www.hmdb.org/marker.asp?marker*",,POINT (-91.032244892776 30.422762484206)
Tommy Casanova,"Historical Marker erected by Dr. & Mrs. Derrick W. Spell

<br/><br/>Source: HMdb.org. For text, photographs and other information, use <a href=""https://www.hmdb.org/marker.asp?marker=105000"">this li*",,POINT (-91.185225813986 30.412075626343)
James Britt,"Historical Marker erected by Family of Mike & Jon-Michael Morgan

<br/><br/>Source: HMdb.org. For text, photographs and other information, use <a href=""https://www.hmdb.org/marker.asp?marker=105406""*",,POINT (-91.185227163532 30.412077266949)
"Marvin ""Moose"" Stewart","Historical Marker erected by Tommy & Ann Mook & Family

<br/><br/>Source: HMdb.org. For text, photographs and other information, use <a href=""https://www.hmdb.org/marker.asp?marker=99752"">this link<*",,POINT (-91.185238934012 30.412113476421)
Comite River,"Historical Marker erected by State of Louisiana and National Park Service.

<br/><br/>Source: HMdb.org. For text, photographs and other information, use <a href=""https://www.hmdb.org/marker.asp?mark*",,POINT (-91.087752982672 30.534556146252)
John Baptiste Kleinpeter,"Historical Marker

<br/><br/>Source: HMdb.org. For text, photographs and other information, use <a href=""https://www.hmdb.org/marker.asp?marker=92837"">this link</a>",,POINT (-91.172253930113 30.40463647571)
Flag of Spain,"Historical Marker

<br/><br/>Source: HMdb.org. For text, photographs and other information, use <a href=""https://www.hmdb.org/marker.asp?marker=91826"">this link</a>",,POINT (-91.188598936142 30.44560248383)
Eddy Furniss,"Historical Marker

<br/><br/>Source: HMdb.org. For text, photographs and other information, use <a href=""https://www.hmdb.org/marker.asp?marker=97874"">this link</a>",,POINT (-91.188232933937 30.405478475437)
1936 SEC Champions,"Historical Marker erected by Col. F.C. Schaffer & Family

<br/><br/>Source: HMdb.org. For text, photographs and other information, use <a href=""https://www.hmdb.org/marker.asp?marker=98763"">this lin*",,POINT (-91.185282933814 30.411488476901)
Baton Rouge,"Historical Marker erected by Codefil & Commision de Tourisme

<br/><br/>Source: HMdb.org. For text, photographs and other information, use <a href=""https://www.hmdb.org/marker.asp?marker=85652"">this*",,POINT (-91.188355936028 30.456042486177)
"Gaynell ""Gus"" Tinsley","Historical Marker erected by Van P Whitfield & Family - Houston, TX

<br/><br/>Source: HMdb.org. For text, photographs and other information, use <a href=""https://www.hmdb.org/marker.asp?marker=9974*",,POINT (-91.185235933398 30.412113476668)
Port Hudson Siege,"Historical Marker erected 1956 by The Louisiana Department of Commerce and Industry

<br/><br/>Source: HMdb.org. For text, photographs and other information, use <a href=""https://www.hmdb.org/marker*",,POINT (-91.193461946629 30.654937527571)
March Of Galvez,"Historical Marker

<br/><br/>Source: HMdb.org. For text, photographs and other information, use <a href=""https://www.hmdb.org/marker.asp?marker=92836"">this link</a>",,POINT (-91.17212693027 30.405015475681)
Ole War Skule,"Historical Marker erected 1962

<br/><br/>Source: HMdb.org. For text, photographs and other information, use <a href=""https://www.hmdb.org/marker.asp?marker=85698"">this link</a>",,POINT (-91.188370936091 30.455486485884)
Alan Faneca,"Historical Marker erected by Ian E. James Family

<br/><br/>Source: HMdb.org. For text, photographs and other information, use <a href=""https://www.hmdb.org/marker.asp?marker=106079"">this link</a>",,POINT (-91.185213744114 30.41204127664)
"Capture of Baton Rouge by Galvez, 1779","Historical Marker erected 1979

<br/><br/>Source: HMdb.org. For text, photographs and other information, use <a href=""https://www.hmdb.org/marker.asp?marker=85222"">this link</a>",,POINT (-91.188554935944 30.446389483738)
"Roy ""Moonie"" Winston","Historical Marker erected by Republic Finance

<br/><br/>Source: HMdb.org. For text, photographs and other information, use <a href=""https://www.hmdb.org/marker.asp?marker=100629"">this link</a>",,POINT (-91.18524293407 30.41211747625)
Korean War Memorial,"Historical Marker erected 2004 by Korean War Veterans Association Chapter 230 and Friends

<br/><br/>Source: HMdb.org. For text, photographs and other information, use <a href=""https://www.hmdb.org/*",,POINT (-91.190236936484 30.443742482804)
Anthony McFarland,"Historical Marker erected by Ron, John Paul, David & Chris Funes

<br/><br/>Source: HMdb.org. For text, photographs and other information, use <a href=""https://www.hmdb.org/marker.asp?marker=106142""*",,POINT (-91.1852204535 30.412029826735)
Corey Webster,"Historical Marker erected by Kevin, Christy,and Alden Labban

<br/><br/>Source: HMdb.org. For text, photographs and other information, use <a href=""https://www.hmdb.org/marker.asp?marker=106337"">thi*",,POINT (-91.184824824 30.411195646784)
Single-Pen Slave Cabin,"Historical Marker No. 44 erected by LSU Rural Life Museum

<br/><br/>Source: HMdb.org. For text, photographs and other information, use <a href=""https://www.hmdb.org/marker.asp?marker=112713"">this l*",,POINT (-91.114947894843 30.410732758359)
Distinguished Cadets,"Historical Marker

<br/><br/>Source: HMdb.org. For text, photographs and other information, use <a href=""https://www.hmdb.org/marker.asp?marker=104484"">this link</a>",,POINT (-91.181958932741 30.410013475849)
Jimmy Taylor,"Historical Marker erected by The Nestor Vicknair Family

<br/><br/>Source: HMdb.org. For text, photographs and other information, use <a href=""https://www.hmdb.org/marker.asp?marker=100624"">this lin*",,POINT (-91.185232933716 30.412104476783)
Spanish-American War Memorial,"Historical Marker erected 1939

<br/><br/>Source: HMdb.org. For text, photographs and other information, use <a href=""https://www.hmdb.org/marker.asp?marker=86012"">this link</a>",,POINT (-91.169014930309 30.435548481893)
Josh Jasper,"Historical Marker erected by Joe and April Gaar

<br/><br/>Source: HMdb.org. For text, photographs and other information, use <a href=""https://www.hmdb.org/marker.asp?marker=107595"">this link</a>",,POINT (-91.184795323453 30.411179286745)
Tyler Lafauci,"Historical Marker erected by The Crescent City Tigers

<br/><br/>Source: HMdb.org. For text, photographs and other information, use <a href=""https://www.hmdb.org/marker.asp?marker=105126"">this link<*",,POINT (-91.185239223318 30.412062546653)
Morgan House Site,"Historical Marker erected by City of Baton Rouge

<br/><br/>Source: HMdb.org. For text, photographs and other information, use <a href=""https://www.hmdb.org/marker.asp?marker=92412"">this link</a>",,POINT (-91.186967935932 30.45013248457)
"Odell Beckham, Jr.","Historical Marker

<br/><br/>Source: HMdb.org. For text, photographs and other information, use <a href=""https://www.hmdb.org/marker.asp?marker=107798"">this link</a>",,POINT (-91.184793983708 30.411171106005)
Josh Reed,"Historical Marker erected by Leigh and Jonathan Henderson

<br/><br/>Source: HMdb.org. For text, photographs and other information, use <a href=""https://www.hmdb.org/marker.asp?marker=99933"">this li*",,POINT (-91.184812933731 30.411194476048)
A National Cemetery System,"Historical Marker erected by U.S.Department of Veteran Affairs - National Cemetery Administration

<br/><br/>Source: HMdb.org. For text, photographs and other information, use <a href=""https://www.h*",,POINT (-91.275852969715 30.660951526455)
Skip Bertman,"Historical Marker

<br/><br/>Source: HMdb.org. For text, photographs and other information, use <a href=""https://www.hmdb.org/marker.asp?marker=97638"">this link</a>",,POINT (-91.188116934377 30.405444475496)
Baton Rouge Lakes,"Historical Marker erected by State of Louisiana and National Park Service.

<br/><br/>Source: HMdb.org. For text, photographs and other information, use <a href=""https://www.hmdb.org/marker.asp?mark*",,POINT (-91.167442769288 30.421215209255)
Bill Conti,"Historical Marker

<br/><br/>Source: HMdb.org. For text, photographs and other information, use <a href=""https://www.hmdb.org/marker.asp?marker=115390"">this link</a>",,POINT (-91.188339536211 30.448328163911)
USS Kidd Veterans Museum & Ship,"Historical Marker erected by Downtown Development District

<br/><br/>Source: HMdb.org. For text, photographs and other information, use <a href=""https://www.hmdb.org/marker.asp?marker=117133"">this *",,POINT (-91.190195166097 30.444015712805)
Marcha de Galvez,"Historical Marker

<br/><br/>Source: HMdb.org. For text, photographs and other information, use <a href=""https://www.hmdb.org/marker.asp?marker=85223"">this link</a>",,POINT (-91.188561935972 30.446513484007)
Distinguished Cadets,"Historical Marker

<br/><br/>Source: HMdb.org. For text, photographs and other information, use <a href=""https://www.hmdb.org/marker.asp?marker=104463"">this link</a>",,POINT (-91.181941932828 30.409987476229)
Blacksmith Shop,"Historical Marker No. 25 erected by LSU Rural Life Museum

<br/><br/>Source: HMdb.org. For text, photographs and other information, use <a href=""https://www.hmdb.org/marker.asp?marker=112712"">this l*",,POINT (-91.115126264324 30.410688588897)
St. James Episcopal Church,"Historical Marker erected by City of Baton Rouge

<br/><br/>Source: HMdb.org. For text, photographs and other information, use <a href=""https://www.hmdb.org/marker.asp?marker=88274"">this link</a>",,POINT (-91.1868659359 30.448380484494)
Greg Jackson,"Historical Marker erected by James and Kelly Flavin

<br/><br/>Source: HMdb.org. For text, photographs and other information, use <a href=""https://www.hmdb.org/marker.asp?marker=106037"">this link</a>",,POINT (-91.185223133474 30.412039646261)
First United Methodist Church,"Historical Marker erected 2009 by First United Methodist Church

<br/><br/>Source: HMdb.org. For text, photographs and other information, use <a href=""https://www.hmdb.org/marker.asp?marker=87270"">t*",,POINT (-91.180672933526 30.447058484319)
Kyle Williams,"Historical Marker erected by Ricky Caples & Eric Geist Families

<br/><br/>Source: HMdb.org. For text, photographs and other information, use <a href=""https://www.hmdb.org/marker.asp?marker=106612"">*",,POINT (-91.184810073983 30.411195646452)
Stories of City Park,"Historical Marker erected by The Recreation and Park Commission for the Parish of East Baton Rouge (BREC)

<br/><br/>Source: HMdb.org. For text, photographs and other information, use <a href=""https*",,POINT (-91.167874930449 30.434681481628)
Civil War Battle,"Historical Marker erected by City Of Baton Rouge

<br/><br/>Source: HMdb.org. For text, photographs and other information, use <a href=""https://www.hmdb.org/marker.asp?marker=86585"">this link</a>",,POINT (-91.169017930535 30.442985483618)
LSU Former Campus,"Historical Marker No. 10

<br/><br/>Source: HMdb.org. For text, photographs and other information, use <a href=""https://www.hmdb.org/marker.asp?marker=87429"">this link</a>",,POINT (-91.186983936198 30.454566485233)
Pentagon Barracks,"Historical Marker No. 4

<br/><br/>Source: HMdb.org. For text, photographs and other information, use <a href=""https://www.hmdb.org/marker.asp?marker=87472"">this link</a>",,POINT (-91.188702936901 30.454804485791)
Bagatelle Kitchen,"Historical Marker No. 8 erected by LSU Rural Life Museum

<br/><br/>Source: HMdb.org. For text, photographs and other information, use <a href=""https://www.hmdb.org/marker.asp?marker=112095"">this li*",,POINT (-91.115476294508 30.410400708646)
Bert Jones,"Historical Marker erected by Harry and Eugenie Burglass

<br/><br/>Source: HMdb.org. For text, photographs and other information, use <a href=""https://www.hmdb.org/marker.asp?marker=105030"">this lin*",,POINT (-91.185225814022 30.412070716277)
Flag of the Confederate States of America,"Historical Marker

<br/><br/>Source: HMdb.org. For text, photographs and other information, use <a href=""https://www.hmdb.org/marker.asp?marker=91827"">this link</a>",,POINT (-91.188605935778 30.445547483582)
Louisiana Vietnam War Memorial,"Historical Marker

<br/><br/>Source: HMdb.org. For text, photographs and other information, use <a href=""https://www.hmdb.org/marker.asp?marker=96565"">this link</a>",,POINT (-91.190287936023 30.443961483611)
"Battle Of Baton Rouge, 1862","Historical Marker erected by City Of Baton Rouge

<br/><br/>Source: HMdb.org. For text, photographs and other information, use <a href=""https://www.hmdb.org/marker.asp?marker=85663"">this link</a>",,POINT (-91.188451936546 30.455771485705)
Site of the Weiss House,"Historical Marker erected by City of Baton Rouge

<br/><br/>Source: HMdb.org. For text, photographs and other information, use <a href=""https://www.hmdb.org/marker.asp?marker=88591"">this link</a>",,POINT (-91.185351935475 30.455768485809)
Max Fugler,"Historical Marker erected by The Helmer and Childress Families

<br/><br/>Source: HMdb.org. For text, photographs and other information, use <a href=""https://www.hmdb.org/marker.asp?marker=100630"">t*",,POINT (-91.18524293407 30.41211747625)
Town Of Baker,"Historical Marker erected by City of Baton Rouge

<br/><br/>Source: HMdb.org. For text, photographs and other information, use <a href=""https://www.hmdb.org/marker.asp?marker=91989"">this link</a>",,POINT (-91.167279936895 30.591678515224)
David LaFleur,"Historical Marker erected by Rebecca, Wes & Charlotte Robinson

<br/><br/>Source: HMdb.org. For text, photographs and other information, use <a href=""https://www.hmdb.org/marker.asp?marker=106085"">t*",,POINT (-91.185217773782 30.412033096509)
Mike Anderson,"Historical Marker erected by Ron & Jan Cazalot and Family.

<br/><br/>Source: HMdb.org. For text, photographs and other information, use <a href=""https://www.hmdb.org/marker.asp?marker=105003"">this *",,POINT (-91.185232523991 30.412075626643)
Merci Train,"Historical Marker

<br/><br/>Source: HMdb.org. For text, photographs and other information, use <a href=""https://www.hmdb.org/marker.asp?marker=92828"">this link</a>",,POINT (-91.188755936417 30.446935484124)
The Founding Of Baton Rouge,"Historical Marker erected 1967 by City of Baton Rouge

<br/><br/>Source: HMdb.org. For text, photographs and other information, use <a href=""https://www.hmdb.org/marker.asp?marker=85221"">this link</*",,POINT (-91.189278936435 30.446762483958)
U.S.S. Kidd,"Historical Marker erected 1986 by United States Department of the Interior

<br/><br/>Source: HMdb.org. For text, photographs and other information, use <a href=""https://www.hmdb.org/marker.asp?mark*",,POINT (-91.191484937183 30.443990482994)
Ceremonial Indian Mound,"Historical Marker erected by City of Baton Rouge

<br/><br/>Source: HMdb.org. For text, photographs and other information, use <a href=""https://www.hmdb.org/marker.asp?marker=87446"">this link</a>",,POINT (-91.184904936013 30.458291486447)
Fred Miller,"Historical Marker erected by Drs. Charles and Brooke Wood

<br/><br/>Source: HMdb.org. For text, photographs and other information, use <a href=""https://www.hmdb.org/marker.asp?marker=104388"">this l*",,POINT (-91.185234933876 30.412093476254)
Massachusetts Memorial,"Historical Marker

<br/><br/>Source: HMdb.org. For text, photographs and other information, use <a href=""https://www.hmdb.org/marker.asp?marker=99056"">this link</a>",,POINT (-91.168743931298 30.449417485464)
Germain Bergeron House,"Historical Marker erected 2005

<br/><br/>Source: HMdb.org. For text, photographs and other information, use <a href=""https://www.hmdb.org/marker.asp?marker=92483"">this link</a>",,POINT (-91.114358914601 30.410041478215)
Original Site of the First Presbyterian Church,"Historical Marker erected by City of Baton Rouge

<br/><br/>Source: HMdb.org. For text, photographs and other information, use <a href=""https://www.hmdb.org/marker.asp?marker=85342"">this link</a>",,POINT (-91.186895935462 30.449270484215)
USCGC White Alder,"Historical Marker erected by U.S. Coast Guard

<br/><br/>Source: HMdb.org. For text, photographs and other information, use <a href=""https://www.hmdb.org/marker.asp?marker=86508"">this link</a>",,POINT (-91.190387936022 30.443876483199)
Upland Hardwoods,"Historical Marker erected by BREC Bluebonnet Swamp Conservation Area

<br/><br/>Source: HMdb.org. For text, photographs and other information, use <a href=""https://www.hmdb.org/marker.asp?marker=115*",,POINT (-91.104950279896 30.370058720167)
Gras-Devall Plaza,"Historical Marker erected by City of Baton Rouge

<br/><br/>Source: HMdb.org. For text, photographs and other information, use <a href=""https://www.hmdb.org/marker.asp?marker=87869"">this link</a>",,POINT (-91.187245936373 30.451384484974)
2000 National Champions,"Historical Marker erected by Tiger Athletic Foundation

<br/><br/>Source: HMdb.org. For text, photographs and other information, use <a href=""https://www.hmdb.org/marker.asp?marker=97871"">this link<*",,POINT (-91.188269934701 30.40546647495)
Commissary,"Historical Marker No. 27 erected by LSU Rural Life Museum

<br/><br/>Source: HMdb.org. For text, photographs and other information, use <a href=""https://www.hmdb.org/marker.asp?marker=112783"">this l*",,POINT (-91.115682824663 30.410989558387)
Bradie James,"Historical Marker erected by The Yeargain Family

<br/><br/>Source: HMdb.org. For text, photographs and other information, use <a href=""https://www.hmdb.org/marker.asp?marker=100377"">this link</a>",,POINT (-91.184804933664 30.411193476567)
Romeville Post Office,"Historical Marker No. 30 erected by LSU Rural Life Museum

<br/><br/>Source: HMdb.org. For text, photographs and other information, use <a href=""https://www.hmdb.org/marker.asp?marker=112059"">this l*",,POINT (-91.115641254561 30.411030448405)
1986 SEC Champions,"Historical Marker erected by The Acadiana Tigers

<br/><br/>Source: HMdb.org. For text, photographs and other information, use <a href=""https://www.hmdb.org/marker.asp?marker=99231"">this link</a>",,POINT (-91.18546793393 30.411400476848)
William Bartram Trail,"Historical Marker erected by Beauregard Town Civic Association and the Downtown Development District, The Bartram Trail Conference

<br/><br/>Source: HMdb.org. For text, photographs and other inform*",,POINT (-91.190599626706 30.439532672696)
1970 SEC Champions,"Historical Marker erected by Archie, Pamela, Katelyn, & Evan Thompson

<br/><br/>Source: HMdb.org. For text, photographs and other information, use <a href=""https://www.hmdb.org/marker.asp?marker=99*",,POINT (-91.185519933329 30.411508476175)
Riverfront Plaza,"Historical Marker erected 1984

<br/><br/>Source: HMdb.org. For text, photographs and other information, use <a href=""https://www.hmdb.org/marker.asp?marker=85944"">this link</a>",,POINT (-91.190655936666 30.445055483305)
Remi Prudhomme,"Historical Marker erected by The Capital Area Tigers

<br/><br/>Source: HMdb.org. For text, photographs and other information, use <a href=""https://www.hmdb.org/marker.asp?marker=104391"">this link</*",,POINT (-91.185244933866 30.412086476427)
Slim Harpo,"Historical Marker

<br/><br/>Source: HMdb.org. For text, photographs and other information, use <a href=""https://www.hmdb.org/marker.asp?marker=96603"">this link</a>",,POINT (-91.189458936869 30.447245483488)
Uncle Jack,"Historical Marker

<br/><br/>Source: HMdb.org. For text, photographs and other information, use <a href=""https://www.hmdb.org/marker.asp?marker=88234"">this link</a>",,POINT (-91.114259914123 30.411082789058)
Billy Truax,"Historical Marker erected by The Carter Askew Family

<br/><br/>Source: HMdb.org. For text, photographs and other information, use <a href=""https://www.hmdb.org/marker.asp?marker=104390"">this link</*",,POINT (-91.185228933861 30.412088476475)
Old Arsenal Museum,"Historical Marker

<br/><br/>Source: HMdb.org. For text, photographs and other information, use <a href=""https://www.hmdb.org/marker.asp?marker=98054"">this link</a>",,POINT (-91.187305935698 30.453369484981)
1935 SEC Champions,"Historical Marker erected by Drs. Ronald Lahasky & Vincent Pisciotta

<br/><br/>Source: HMdb.org. For text, photographs and other information, use <a href=""https://www.hmdb.org/marker.asp?marker=987*",,POINT (-91.185315933225 30.411571476203)
Pi0o House,"Historical Marker erected by City of Baton Rouge

<br/><br/>Source: HMdb.org. For text, photographs and other information, use <a href=""https://www.hmdb.org/marker.asp?marker=87282"">this link</a>",,POINT (-91.183141935143 30.452710485646)
Delta Zeta Sorority,"Historical Marker

<br/><br/>Source: HMdb.org. For text, photographs and other information, use <a href=""https://www.hmdb.org/marker.asp?marker=95025"">this link</a>",,POINT (-91.168114929012 30.409532476188)
Drake Nevis,"Historical Marker erected by Area Wholesale Tire & Associates

<br/><br/>Source: HMdb.org. For text, photographs and other information, use <a href=""https://www.hmdb.org/marker.asp?marker=107612"">th*",,POINT (-91.184799344009 30.411179286752)
Stephen Peterman,"Historical Marker erected by Lester, Kelly, Mary-Kate, Matthew Lee

<br/><br/>Source: HMdb.org. For text, photographs and other information, use <a href=""https://www.hmdb.org/marker.asp?marker=10624*",,POINT (-91.184812753279 30.411198916826)
Louisiana State Seminary of Learning Foundation Stone,"Historical Marker

<br/><br/>Source: HMdb.org. For text, photographs and other information, use <a href=""https://www.hmdb.org/marker.asp?marker=91016"">this link</a>",,POINT (-91.178411932421 30.414555477183)
Pigeonnier,"Historical Marker erected by Mrs. Patricia Curry Bagwell in honor of the Curry Family. This marker has been reported missing. Source: HMdb.org. For text, photographs and other information",,POINT (-91.115689534869 30.41071966882)
Scott's Bluff,"Historical Marker

<br/><br/>Source: HMdb.org. For text, photographs and other information, use <a href=""https://www.hmdb.org/marker.asp?marker=85027"">this link</a>",,POINT (-91.197293941531 30.521365499368)
Site of the Shiloh Baptist Church,"Historical Marker erected by City of Baton Rouge

<br/><br/>Source: HMdb.org. For text, photographs and other information, use <a href=""https://www.hmdb.org/marker.asp?marker=87371"">this link</a>",,POINT (-91.183643934981 30.454803485641)
Civil War Battle of Baton Rouge,"Historical Marker

<br/><br/>Source: HMdb.org. For text, photographs and other information, use <a href=""https://www.hmdb.org/marker.asp?marker=43075"">this link</a>",,POINT (-91.171108931458 30.450972484976)
Zachary Taylor Home Site,"Historical Marker No. 1

<br/><br/>Source: HMdb.org. For text, photographs and other information, use <a href=""https://www.hmdb.org/marker.asp?marker=87824"">this link</a>",,POINT (-91.189608937209 30.45362848536)
18th Century Style Sugar House,"Historical Marker No. 12 erected by LSU Rural Life Museum

<br/><br/>Source: HMdb.org. For text, photographs and other information, use <a href=""https://www.hmdb.org/marker.asp?marker=112083"">this l*",,POINT (-91.114742714225 30.410660788862)
Highland Cemetery,"Historical Marker erected by City of Baton Rouge

<br/><br/>Source: HMdb.org. For text, photographs and other information, use <a href=""https://www.hmdb.org/marker.asp?marker=86928"">this link</a>",,POINT (-91.172419929388 30.4047304754)
Arsenal Museum,"Historical Marker erected 1968 by Louisiana Tourist Development commission

<br/><br/>Source: HMdb.org. For text, photographs and other information, use <a href=""https://www.hmdb.org/marker.asp?mark*",,POINT (-91.185962935771 30.456834486369)
Pinckney Benton Stewart Pinchback,"Historical Marker erected by The Southern University Class of 1947

<br/><br/>Source: HMdb.org. For text, photographs and other information, use <a href=""https://www.hmdb.org/marker.asp?marker=85026*",,POINT (-91.19682194173 30.520686499018)
Michael Brooks,"Historical Marker erected by Ark La Tex Tigers

<br/><br/>Source: HMdb.org. For text, photographs and other information, use <a href=""https://www.hmdb.org/marker.asp?marker=105998"">this link</a>",,POINT (-91.185217773321 30.412049456779)
Chad Kessler,"Historical Marker erected by Rene, Holly, and Beau Dupaquier

<br/><br/>Source: HMdb.org. For text, photographs and other information, use <a href=""https://www.hmdb.org/marker.asp?marker=106120"">thi*",,POINT (-91.18522447409 30.412029826729)
Craig Steltz,"Historical Marker erected by Nicole Appleton Marshall Class 2007

<br/><br/>Source: HMdb.org. For text, photographs and other information, use <a href=""https://www.hmdb.org/marker.asp?marker=107550""*",,POINT (-91.184796663615 30.411180926443)
Mestrovic Court,"Historical Marker

<br/><br/>Source: HMdb.org. For text, photographs and other information, use <a href=""https://www.hmdb.org/marker.asp?marker=91045"">this link</a>",,POINT (-91.18782693562 30.445437483494)
William Bartram Trail,"Historical Marker erected by Recreation and Park Commission for the Parish of East Baton Rouge, The Bartram Trail Conference

<br/><br/>Source: HMdb.org. For text, photographs and other information,*",,POINT (-91.001340221552 30.349277629489)
"Site of Spanish Battery, 1779","Historical Marker erected by City Of Baton Rouge

<br/><br/>Source: HMdb.org. For text, photographs and other information, use <a href=""https://www.hmdb.org/marker.asp?marker=87923"">this link</a>",,POINT (-91.189389266387 30.44733881436)
St. Joseph Catholic Cemetery,"Historical Marker erected by City of Baton Rouge

<br/><br/>Source: HMdb.org. For text, photographs and other information, use <a href=""https://www.hmdb.org/marker.asp?marker=85156"">this link</a>",,POINT (-91.173189262121 30.452105485647)
Distinguished Cadets,"Historical Marker

<br/><br/>Source: HMdb.org. For text, photographs and other information, use <a href=""https://www.hmdb.org/marker.asp?marker=104461"">this link</a>",,POINT (-91.181922932471 30.40998747612)
Lafayette Building,"Historical Marker erected by City Of Baton Rouge

<br/><br/>Source: HMdb.org. For text, photographs and other information, use <a href=""https://www.hmdb.org/marker.asp?marker=88281"">this link</a>",,POINT (-91.189415936084 30.450089484357)
2007 SEC Champions,"Historical Marker erected by Kyle and Kelli Taquino

<br/><br/>Source: HMdb.org. For text, photographs and other information, use <a href=""https://www.hmdb.org/marker.asp?marker=99356"">this link</a>",,POINT (-91.185648933824 30.411324476155)
First Air Mail Flight,"Historical Marker erected by City of Baton Rouge

<br/><br/>Source: HMdb.org. For text, photographs and other information, use <a href=""https://www.hmdb.org/marker.asp?marker=87473"">this link</a>",,POINT (-91.18934493667 30.45630448591)
Johnny Rivers,"Historical Marker

<br/><br/>Source: HMdb.org. For text, photographs and other information, use <a href=""https://www.hmdb.org/marker.asp?marker=96568"">this link</a>",,POINT (-91.190235936138 30.445326483329)
Magnolia Cemetery,"Historical Marker erected by City of Baton Rouge

<br/><br/>Source: HMdb.org. For text, photographs and other information, use <a href=""https://www.hmdb.org/marker.asp?marker=87227"">this link</a>",,POINT (-91.169249930996 30.450875485242)
Highland Cemetery,"Historical Marker erected 2004 by Isaac Monet Chapter - Louisiana Society National Society of Dames XVII Century

<br/><br/>Source: HMdb.org. For text, photographs and other information, use <a href*",,POINT (-91.172156930029 30.404974475282)
Hilton Capitol Center,"Historical Marker

<br/><br/>Source: HMdb.org. For text, photographs and other information, use <a href=""https://www.hmdb.org/marker.asp?marker=104254"">this link</a>",,POINT (-91.188293935929 30.450006484385)
The D'Artaguiette Concession,"Historical Marker

<br/><br/>Source: HMdb.org. For text, photographs and other information, use <a href=""https://www.hmdb.org/marker.asp?marker=88775"">this link</a>",,POINT (-91.190837936762 30.445276483361)
William Bartram Trail,"Historical Marker erected by Friends of Magnolia Mound Plantation. The Recreation and Parks Commission of Baton Rouge and The Bartram Trail Confrence.

<br/><br/>Source: HMdb.org. For text, photogra*",,POINT (-91.186871354907 30.426849319592)
Third Street,"Historical Marker

<br/><br/>Source: HMdb.org. For text, photographs and other information, use <a href=""https://www.hmdb.org/marker.asp?marker=98181"">this link</a>",,POINT (-91.188322935883 30.448324484173)
The Former Baptismal Fount,"Historical Marker

<br/><br/>Source: HMdb.org. For text, photographs and other information, use <a href=""https://www.hmdb.org/marker.asp?marker=93354"">this link</a>",,POINT (-91.186828936404 30.451824484949)
Alvin Batiste,"Historical Marker

<br/><br/>Source: HMdb.org. For text, photographs and other information, use <a href=""https://www.hmdb.org/marker.asp?marker=96601"">this link</a>",,POINT (-91.187687936043 30.446910483877)
1996 National Champions,"Historical Marker erected by Tiger Athletic Foundation

<br/><br/>Source: HMdb.org. For text, photographs and other information, use <a href=""https://www.hmdb.org/marker.asp?marker=97772"">this link<*",,POINT (-91.188152933953 30.405390475348)
Sugar Kettle,"Historical Marker erected 1970 by Louisiana Tourist Commission

<br/><br/>Source: HMdb.org. For text, photographs and other information, use <a href=""https://www.hmdb.org/marker.asp?marker=85702"">th*",,POINT (-91.182275932518 30.410477475908)
Huey Long Grave,"Historical Marker No. 8. This marker has been reported missing. Source: HMdb.org. For text, photographs and other information, use https://www.hmdb.org/marker.asp?marker=87430",,POINT (-91.187638466187 30.455626496188)
Bayou Fountain,"Historical Marker erected by State of Louisiana and National Park Service.

<br/><br/>Source: HMdb.org. For text, photographs and other information, use <a href=""https://www.hmdb.org/marker.asp?mark*",,POINT (-91.078422901642 30.347354486363)
1997 National Champions,"Historical Marker erected by Tiger Athletic Foundation

<br/><br/>Source: HMdb.org. For text, photographs and other information, use <a href=""https://www.hmdb.org/marker.asp?marker=97855"">this link<*",,POINT (-91.188244933933 30.405420475215)
National Cemetery,"Historical Marker erected by City of Baton Rouge

<br/><br/>Source: HMdb.org. For text, photographs and other information, use <a href=""https://www.hmdb.org/marker.asp?marker=87226"">this link</a>",,POINT (-91.169207930759 30.449317484806)
In Honor of George Washington,"Historical Marker erected 2007 by Louisiana Society of the Sons of the American Revolution

<br/><br/>Source: HMdb.org. For text, photographs and other information, use <a href=""https://www.hmdb.org*",,POINT (-91.18515493609 30.457746485973)
Baton Rouge High School,"Historical Marker erected 1995 by B.R.H.S. Alumni Association

<br/><br/>Source: HMdb.org. For text, photographs and other information, use <a href=""https://www.hmdb.org/marker.asp?marker=88562"">thi*",,POINT (-91.159234928251 30.444189484341)
William Bartram Trail,"Historical Marker erected by Friends of Hilltop Arboretum and The Bartram Trail Conference

<br/><br/>Source: HMdb.org. For text, photographs and other information, use <a href=""https://www.hmdb.org*",,POINT (-91.095146486926 30.356187527336)
Heroes Of The War On Terrorism,"Historical Marker

<br/><br/>Source: HMdb.org. For text, photographs and other information, use <a href=""https://www.hmdb.org/marker.asp?marker=93327"">this link</a>",,POINT (-91.273557969075 30.660834526453)
A Bench By The Road,"Historical Marker erected 2016 by The Bench By The Road Project

<br/><br/>Source: HMdb.org. For text, photographs and other information, use <a href=""https://www.hmdb.org/marker.asp?marker=117112"">*",,POINT (-91.178800793457 30.434008701419)
1988 SEC Champions,"Historical Marker erected by Michael T. Johnson in memory of Mr. G.

<br/><br/>Source: HMdb.org. For text, photographs and other information, use <a href=""https://www.hmdb.org/marker.asp?marker=9932*",,POINT (-91.185610934151 30.41147947652)
Farquhar Steam Engine Boiler,"Historical Marker

<br/><br/>Source: HMdb.org. For text, photographs and other information, use <a href=""https://www.hmdb.org/marker.asp?marker=112044"">this link</a>",,POINT (-91.115594315278 30.411004279076)
Former Governor's Mansion,"Historical Marker erected by City of Baton Rouge

<br/><br/>Source: HMdb.org. For text, photographs and other information, use <a href=""https://www.hmdb.org/marker.asp?marker=88299"">this link</a>",,POINT (-91.185311935374 30.446954484357)
Southern University,"Historical Marker

<br/><br/>Source: HMdb.org. For text, photographs and other information, use <a href=""https://www.hmdb.org/marker.asp?marker=85680"">this link</a>",,POINT (-91.197149942329 30.520980499541)
Eric Reid,"Historical Marker

<br/><br/>Source: HMdb.org. For text, photographs and other information, use <a href=""https://www.hmdb.org/marker.asp?marker=107781"">this link</a>",,POINT (-91.184788613552 30.411174386279)
"Dedicated To You, A Free Citizen In A Free Land","Historical Marker erected 1955 by Revere Copper and Brass Incorporated

<br/><br/>Source: HMdb.org. For text, photographs and other information, use <a href=""https://www.hmdb.org/marker.asp?marker=1*",,POINT (-91.185120935533 30.457446485816)
Mike Williams,"Historical Marker erected by The Bernard Abercrombie Family 1977

<br/><br/>Source: HMdb.org. For text, photographs and other information, use <a href=""https://www.hmdb.org/marker.asp?marker=105127""*",,POINT (-91.185241913389 30.412069086197)
1961 SEC Champions,"Historical Marker erected by Ann Flowers Doggett

<br/><br/>Source: HMdb.org. For text, photographs and other information, use <a href=""https://www.hmdb.org/marker.asp?marker=99196"">this link</a>",,POINT (-91.185376933834 30.41144647626)
Pentagon Buildings,"Historical Marker erected 1968 by Louisiana Tourist Development Commission

<br/><br/>Source: HMdb.org. For text, photographs and other information, use <a href=""https://www.hmdb.org/marker.asp?mark*",,POINT (-91.188926937136 30.455515486057)
Louisiana State Capitol,"Historical Marker erected 1983 by National Park Service & U.S. Department of Interior

<br/><br/>Source: HMdb.org. For text, photographs and other information, use <a href=""https://www.hmdb.org/mark*",,POINT (-91.187346935912 30.456959485671)
Albert Richardson,"Historical Marker erected by Brad and Paula Moreau

<br/><br/>Source: HMdb.org. For text, photographs and other information, use <a href=""https://www.hmdb.org/marker.asp?marker=105879"">this link</a>",,POINT (-91.185225814079 30.412060906971)
Flag of West Florida,"Historical Marker

<br/><br/>Source: HMdb.org. For text, photographs and other information, use <a href=""https://www.hmdb.org/marker.asp?marker=91066"">this link</a>",,POINT (-91.188602936022 30.445580483781)
Warren Capone,"Historical Marker erected by Stephen Schuetz, Class of 1982.

<br/><br/>Source: HMdb.org. For text, photographs and other information, use <a href=""https://www.hmdb.org/marker.asp?marker=105106"">thi*",,POINT (-91.185232524028 30.412070716577)
Tyrone Slave Cabin,"Historical Marker No. 45 erected by LSU Rural Life Museum

<br/><br/>Source: HMdb.org. For text, photographs and other information, use <a href=""https://www.hmdb.org/marker.asp?marker=112054"">this l*",,POINT (-91.11471857477 30.410556098459)
Repentance Fountain,"Historical Marker

<br/><br/>Source: HMdb.org. For text, photographs and other information, use <a href=""https://www.hmdb.org/marker.asp?marker=89001"">this link</a>",,POINT (-91.188613936332 30.446056483469)
Civil War Cannons,"Historical Marker

<br/><br/>Source: HMdb.org. For text, photographs and other information, use <a href=""https://www.hmdb.org/marker.asp?marker=104456"">this link</a>",,POINT (-91.18183093272 30.410014476683)
Glenn Dorsey,"Historical Marker erected by Miles & Martha Williams and Family

<br/><br/>Source: HMdb.org. For text, photographs and other information, use <a href=""https://www.hmdb.org/marker.asp?marker=106828"">*",,POINT (-91.184806053898 30.411184196239)
University Lakes & Bird Sanctuary,"Historical Marker

<br/><br/>Source: HMdb.org. For text, photographs and other information, use <a href=""https://www.hmdb.org/marker.asp?marker=120272"">this link</a>",,POINT (-91.171912439752 30.407715216259)
Congregation B'Nai Israel,"Historical Marker erected by City of Baton Rouge

<br/><br/>Source: HMdb.org. For text, photographs and other information, use <a href=""https://www.hmdb.org/marker.asp?marker=98268"">this link</a>",,POINT (-91.185850935489 30.450294484717)
The Hill Memorial Library Columns,"Historical Marker

<br/><br/>Source: HMdb.org. For text, photographs and other information, use <a href=""https://www.hmdb.org/marker.asp?marker=92560"">this link</a>",,POINT (-91.115984914884 30.412010478778)
2011 SEC Champions,"Historical Marker erected by CES and Laura Guerra, Houston, TX

<br/><br/>Source: HMdb.org. For text, photographs and other information, use <a href=""https://www.hmdb.org/marker.asp?marker=99358"">th*",,POINT (-91.185817933723 30.41141347633)
2001 SEC Champions,"Historical Marker erected by Theresa Gallion

<br/><br/>Source: HMdb.org. For text, photographs and other information, use <a href=""https://www.hmdb.org/marker.asp?marker=99355"">this link</a>",,POINT (-91.185553933692 30.411364476844)
Patrick Peterson,"Historical Marker erected by Steven Neal Carter & Trevor Cox

<br/><br/>Source: HMdb.org. For text, photographs and other information, use <a href=""https://www.hmdb.org/marker.asp?marker=107589"">thi*",,POINT (-91.184806053584 30.411180926168)
George Bevan,"Historical Marker erected by Gary and Benda Luquette

<br/><br/>Source: HMdb.org. For text, photographs and other information, use <a href=""https://www.hmdb.org/marker.asp?marker=104914"">this link</*",,POINT (-91.185229843558 30.412082166486)
George Rice,"Historical Marker erected by Steve and Nancy Walker

<br/><br/>Source: HMdb.org. For text, photographs and other information, use <a href=""https://www.hmdb.org/marker.asp?marker=104420"">this link</a>",,POINT (-91.185232933808 30.412083476171)
Zachary Taylor,"Historical Marker erected 1951 by Louisiana Camp Woodmen of the World

<br/><br/>Source: HMdb.org. For text, photographs and other information, use <a href=""https://www.hmdb.org/marker.asp?marker=87*",,POINT (-91.188340936021 30.454740485797)
Benjamin Parker Thomas,"Historical Marker

<br/><br/>Source: HMdb.org. For text, photographs and other information, use <a href=""https://www.hmdb.org/marker.asp?marker=92751"">this link</a>",,POINT (-91.172248930176 30.404710475287)
Ben McDonald,"Historical Marker

<br/><br/>Source: HMdb.org. For text, photographs and other information, use <a href=""https://www.hmdb.org/marker.asp?marker=97773"">this link</a>",,POINT (-91.188183934298 30.405424474874)
Parish of St. Alphonsus Liguori,"Historical Marker erected by City of Baton Rouge

<br/><br/>Source: HMdb.org. For text, photographs and other information, use <a href=""https://www.hmdb.org/marker.asp?marker=85313"">this link</a>",,POINT (-91.031066896215 30.508905502443)
Sam Montgomery,"Historical Marker

<br/><br/>Source: HMdb.org. For text, photographs and other information, use <a href=""https://www.hmdb.org/marker.asp?marker=107730"">this link</a>",,POINT (-91.18479666346 30.411162936095)
Yellow Fever Memorial,"Historical Marker

<br/><br/>Source: HMdb.org. For text, photographs and other information, use <a href=""https://www.hmdb.org/marker.asp?marker=105921"">this link</a>",,POINT (-91.168083821035 30.450039825504)
Ali Highsmith,"Historical Marker erected by Judy and Lalith Wijayasuriya, M.D.

<br/><br/>Source: HMdb.org. For text, photographs and other information, use <a href=""https://www.hmdb.org/marker.asp?marker=107492"">*",,POINT (-91.184802024033 30.411179286155)
Schoolhouse,"Historical Marker No. 24 erected by LSU Rural Life Museum

<br/><br/>Source: HMdb.org. For text, photographs and other information, use <a href=""https://www.hmdb.org/marker.asp?marker=113545"">this l*",,POINT (-91.11536766485 30.41064278841)
Beauregard Town,"Historical Marker

<br/><br/>Source: HMdb.org. For text, photographs and other information, use <a href=""https://www.hmdb.org/marker.asp?marker=98527"">this link</a>",,POINT (-91.184712935429 30.446900484371)
Stoner/Athens Cabin,"Historical Marker

<br/><br/>Source: HMdb.org. For text, photographs and other information, use <a href=""https://www.hmdb.org/marker.asp?marker=88566"">this link</a>",,POINT (-91.11463191416 30.411638478494)
"The Founding of ""Red Stick""","Historical Marker

<br/><br/>Source: HMdb.org. For text, photographs and other information, use <a href=""https://www.hmdb.org/marker.asp?marker=96683"">this link</a>",,POINT (-91.190288936616 30.445352483572)
Wendell Davis,"Historical Marker erected by Chuck and Jessica Penn

<br/><br/>Source: HMdb.org. For text, photographs and other information, use <a href=""https://www.hmdb.org/marker.asp?marker=105999"">this link</a>",,POINT (-91.185223133474 30.412039646261)
Caroline Durieux,"Historical Marker erected by City of Baton Rouge

<br/><br/>Source: HMdb.org. For text, photographs and other information, use <a href=""https://www.hmdb.org/marker.asp?marker=117115"">this link</a>",,POINT (-91.189427746852 30.447288494062)
Jerry Stovall,"Historical Marker erected by Four Generations of the Topham Family

<br/><br/>Source: HMdb.org. For text, photographs and other information, use <a href=""https://www.hmdb.org/marker.asp?marker=10438*",,POINT (-91.185234933876 30.412093476254)
Double-Pen Slave Cabin,"Historical Marker No. 11

<br/><br/>Source: HMdb.org. For text, photographs and other information, use <a href=""https://www.hmdb.org/marker.asp?marker=112056"">this link</a>",,POINT (-91.115128944458 30.410467778976)
Todd McClure,"Historical Marker erected by Ashley and Clifton Dugas and Family

<br/><br/>Source: HMdb.org. For text, photographs and other information, use <a href=""https://www.hmdb.org/marker.asp?marker=106122""*",,POINT (-91.18522179339 30.412023286293)
"Ken Kavanaugh, Sr.","Historical Marker erected by The Andrew Lee Guinn Sr. Family

<br/><br/>Source: HMdb.org. For text, photographs and other information, use <a href=""https://www.hmdb.org/marker.asp?marker=99939"">this*",,POINT (-91.185235933678 30.412117476527)
Beauregard Town,"Historical Marker erected by City of Baton Rouge

<br/><br/>Source: HMdb.org. For text, photographs and other information, use <a href=""https://www.hmdb.org/marker.asp?marker=85064"">this link</a>",,POINT (-91.183922604426 30.443522153415)
College Grove Baptist Church,"Historical Marker No. 13 erected by LSU Rural Life Museum

<br/><br/>Source: HMdb.org. For text, photographs and other information, use <a href=""https://www.hmdb.org/marker.asp?marker=112100"">this l*",,POINT (-91.114308194356 30.410927398472)
2007 National Champions,"Historical Marker

<br/><br/>Source: HMdb.org. For text, photographs and other information, use <a href=""https://www.hmdb.org/marker.asp?marker=98525"">this link</a>",,POINT (-91.185106933847 30.411625476491)
Oliver Pollock,"Historical Marker

<br/><br/>Source: HMdb.org. For text, photographs and other information, use <a href=""https://www.hmdb.org/marker.asp?marker=86603"">this link</a>",,POINT (-91.18823493617 30.446661483416)
Louisiana State University and Agricultural and Mechanical College,"Historical Marker

<br/><br/>Source: HMdb.org. For text, photographs and other information, use <a href=""https://www.hmdb.org/marker.asp?marker=91003"">this link</a>",,POINT (-91.178394932014 30.414420476991)
Smokehouse,"Historical Marker No. 15 erected by LSU Rural Life Museum

<br/><br/>Source: HMdb.org. For text, photographs and other information, use <a href=""https://www.hmdb.org/marker.asp?marker=112096"">this l*",,POINT (-91.115574194451 30.410359818552)
Charles Alexander,"Historical Marker erected by Gary & Dakin Dubroc

<br/><br/>Source: HMdb.org. For text, photographs and other information, use <a href=""https://www.hmdb.org/marker.asp?marker=105128"">this link</a>",,POINT (-91.185217773769 30.412085446488)
Fort San Carlos,"Historical Marker No. 2

<br/><br/>Source: HMdb.org. For text, photographs and other information, use <a href=""https://www.hmdb.org/marker.asp?marker=87540"">this link</a>",,POINT (-91.189520937257 30.454692485488)
Skyler Green,"Historical Marker erected by Burney & Ashley Williams

<br/><br/>Source: HMdb.org. For text, photographs and other information, use <a href=""https://www.hmdb.org/marker.asp?marker=106309"">this link<*",,POINT (-91.184815443455 30.411190736103)
A-7E Corsair II,"Historical Marker

<br/><br/>Source: HMdb.org. For text, photographs and other information, use <a href=""https://www.hmdb.org/marker.asp?marker=96567"">this link</a>",,POINT (-91.190228936347 30.443966483157)
2009 National Champions,"Historical Marker

<br/><br/>Source: HMdb.org. For text, photographs and other information, use <a href=""https://www.hmdb.org/marker.asp?marker=98049"">this link</a>",,POINT (-91.188238933951 30.405527475419)
1991 National Champions,"Historical Marker erected 1992 by LSU Baseball Coaches Committee

<br/><br/>Source: HMdb.org. For text, photographs and other information, use <a href=""https://www.hmdb.org/marker.asp?marker=97632"">*",,POINT (-91.188091933802 30.405494475223)
2003 SEC Champions,"Historical Marker erected by Tammany Tigers

<br/><br/>Source: HMdb.org. For text, photographs and other information, use <a href=""https://www.hmdb.org/marker.asp?marker=99360"">this link</a>",,POINT (-91.185712934124 30.411452476384)
The State Capitol,"Historical Marker

<br/><br/>Source: HMdb.org. For text, photographs and other information, use <a href=""https://www.hmdb.org/marker.asp?marker=96604"">this link</a>",,POINT (-91.188526937005 30.456624485927)
Jim Taylor,"Historical Marker erected by Pro Football Hall of Fame Class of 1976

<br/><br/>Source: HMdb.org. For text, photographs and other information, use <a href=""https://www.hmdb.org/marker.asp?marker=959*",,POINT (-91.183455933496 30.413288806535)
Baton Rouge Confederate Monument,"Historical Marker erected 1886<br><br><font color=red>This marker has been reported missing.</font>

<br/><br/>Source: HMdb.org. For text, photographs and other information, use <a href=""https://www*",,POINT (-91.188905936326 30.446905484292)
St. Joseph Cathedral,"Historical Marker erected by City of Baton Rouge

<br/><br/>Source: HMdb.org. For text, photographs and other information, use <a href=""https://www.hmdb.org/marker.asp?marker=87854"">this link</a>",,POINT (-91.187035936346 30.451579485088)
Morris Claiborne,"Historical Marker erected by Heath Cunningham Family & RWS, Inc.

<br/><br/>Source: HMdb.org. For text, photographs and other information, use <a href=""https://www.hmdb.org/marker.asp?marker=107667""*",,POINT (-91.184788613552 30.411174386279)
Old Post Office,"Historical Marker erected by City of Baton Rouge

<br/><br/>Source: HMdb.org. For text, photographs and other information, use <a href=""https://www.hmdb.org/marker.asp?marker=87789"">this link</a>",,POINT (-91.18721593591 30.447257483829)
Eric Martin,"Historical Marker erected by Steve Shelly Brett and Michelle May

<br/><br/>Source: HMdb.org. For text, photographs and other information, use <a href=""https://www.hmdb.org/marker.asp?marker=105995""*",,POINT (-91.185223133764 30.412047826396)
Campanile,"Historical Marker erected 1976

<br/><br/>Source: HMdb.org. For text, photographs and other information, use <a href=""https://www.hmdb.org/marker.asp?marker=89333"">this link</a>",,POINT (-91.178815932228 30.414432477628)
Stewart-Dougherty House,"Historical Marker

<br/><br/>Source: HMdb.org. For text, photographs and other information, use <a href=""https://www.hmdb.org/marker.asp?marker=72959"">this link</a>",,POINT (-91.182844355231 30.452792875137)
Mound Place Pigeon Cote,"Historical Marker No. 22 erected by LSU Rural Life Museum

<br/><br/>Source: HMdb.org. For text, photographs and other information, use <a href=""https://www.hmdb.org/marker.asp?marker=112714"">this l*",,POINT (-91.1156841649 30.410703308708)
Lance Smith,"Historical Marker erected by Curt and Dave Collins Family

<br/><br/>Source: HMdb.org. For text, photographs and other information, use <a href=""https://www.hmdb.org/marker.asp?marker=105997"">this l*",,POINT (-91.185217773975 30.412055996919)
Site of Early Gunsmith Shop,"Historical Marker erected by City of Baton Rouge

<br/><br/>Source: HMdb.org. For text, photographs and other information, use <a href=""https://www.hmdb.org/marker.asp?marker=87868"">this link</a>",,POINT (-91.188525936066 30.446797484096)
Sick House,"Historical Marker No. 17 erected by LSU Rural Life Museum.

<br/><br/>Source: HMdb.org. For text, photographs and other information, use <a href=""https://www.hmdb.org/marker.asp?marker=112058"">this *",,POINT (-91.115332795119 30.410418708739)
Laron Landry,"Historical Marker erected by Heath Cunningham Family & RWS, Inc.

<br/><br/>Source: HMdb.org. For text, photographs and other information, use <a href=""https://www.hmdb.org/marker.asp?marker=106809""*",,POINT (-91.184802023306 30.411182556224)
Robert Dugas,"Historical Marker erected by The W.R. Fowler Family

<br/><br/>Source: HMdb.org. For text, photographs and other information, use <a href=""https://www.hmdb.org/marker.asp?marker=105404"">this link</a>",,POINT (-91.185225813294 30.412073996269)
Stoker Barn,"Historical Marker erected by James and Rebecca Stoker in honor of R.J and Bernice Stoker

<br/><br/>Source: HMdb.org. For text, photographs and other information, use <a href=""https://www.hmdb.org/m*",,POINT (-91.115007914748 30.411575479217)
Dutch Highlands,"Historical Marker erected by City and Parish of East Baton Rouge & Foundation for Historical Louisiana

<br/><br/>Source: HMdb.org. For text, photographs and other information, use <a href=""https://*",,POINT (-91.11750191362 30.365337469003)
Sid Fournet,"Historical Marker erected by Hannah, Helen, Hope & Holly Dorsett

<br/><br/>Source: HMdb.org. For text, photographs and other information, use <a href=""https://www.hmdb.org/marker.asp?marker=100379""*",,POINT (-91.185230933417 30.412113476479)
"Joe ""Nacho"" Albergamo","Historical Marker erected by Bryan and Michelle Hanks

<br/><br/>Source: HMdb.org. For text, photographs and other information, use <a href=""https://www.hmdb.org/marker.asp?marker=106000"">this link<*",,POINT (-91.185227163795 30.412038006269)
William Bartram Trail,"Historical Marker erected by The Foundation for Historical Louisiana Marguerite Harrell Mills and David Pipe Mills Fund In Cooperation With The Bartram Trail Conference

<br/><br/>Source: HMdb.org. *",,POINT (-91.205854952236 30.690245535361)
William Bartram Trail,"Historical Marker erected by Burden Horticulture Society and The Bartram Trail Conference

<br/><br/>Source: HMdb.org. For text, photographs and other information, use <a href=""https://www.hmdb.org/*",,POINT (-91.105854911913 30.408678478679)
Spanish Town,"Historical Marker erected by City of Baton Rouge

<br/><br/>Source: HMdb.org. For text, photographs and other information, use <a href=""https://www.hmdb.org/marker.asp?marker=88592"">this link</a>",,POINT (-91.185816935409 30.454625485458)
Bob Petit,"Historical Marker

<br/><br/>Source: HMdb.org. For text, photographs and other information, use <a href=""https://www.hmdb.org/marker.asp?marker=119510"">this link</a>",,POINT (-91.184735023722 30.415478037344)
Kevin Minter,"Historical Marker

<br/><br/>Source: HMdb.org. For text, photographs and other information, use <a href=""https://www.hmdb.org/marker.asp?marker=107750"">this link</a>",,POINT (-91.184796663518 30.411158026028)
The First Cemetery In Baton Rouge,"Historical Marker erected 1991 by Grateful Citizens and Parishioners

<br/><br/>Source: HMdb.org. For text, photographs and other information, use <a href=""https://www.hmdb.org/marker.asp?marker=885*",,POINT (-91.173298932197 30.452189485484)
Split-Cypress Barn,"Historical Marker No. 5 erected by LSU Rural Life Museum.

<br/><br/>Source: HMdb.org. For text, photographs and other information, use <a href=""https://www.hmdb.org/marker.asp?marker=114088"">this l*",,POINT (-91.114400784068 30.410534338293)
"Oak Ridge, Louisiana Jail","Historical Marker

<br/><br/>Source: HMdb.org. For text, photographs and other information, use <a href=""https://www.hmdb.org/marker.asp?marker=88285"">this link</a>",,POINT (-91.114996915134 30.411036478982)
George Garig,"Historical Marker

<br/><br/>Source: HMdb.org. For text, photographs and other information, use <a href=""https://www.hmdb.org/marker.asp?marker=92852"">this link</a>",,POINT (-91.172364929904 30.404767475324)
St. Vincent's Academy/Catholic High School,"Historical Marker erected by City of Baton Rouge

<br/><br/>Source: HMdb.org. For text, photographs and other information, use <a href=""https://www.hmdb.org/marker.asp?marker=87444"">this link</a>",,POINT (-91.187006936024 30.452639485593)
Flag Of France,"Historical Marker

<br/><br/>Source: HMdb.org. For text, photographs and other information, use <a href=""https://www.hmdb.org/marker.asp?marker=91058"">this link</a>",,POINT (-91.188611935895 30.445652483185)
Pentagon Barracks,"Historical Marker

<br/><br/>Source: HMdb.org. For text, photographs and other information, use <a href=""https://www.hmdb.org/marker.asp?marker=96740"">this link</a>",,POINT (-91.188502936742 30.456627486117)
Brookhill Ferry Shipwreck,Sank in Miss. River 9/29/1915,https://forteandtablada.com/shipwreck,POINT (-91.191359218925 30.452672544385)
Tiger Bend Archaeological Site,16EBR275,,POINT (-90.971981246329 30.39112014554)
